{
  "r0_m": {
    "median": 0.0007536994864125,
    "spread": 0.00025398542985809403,
    "estimators": {
      "R1_zernike_var": 0.0007536994864125,
      "R6_vonkarman": 0.00022541522228724416,
      "R4_phase_var": 0.000899656562886013,
      "R2_slope_var": 0.0008837139360948552,
      "R3_dimm": 0.0005279600998960432
    },
    "cross_validation": {
      "R1_zernike_var": 0.0007536994864125,
      "R6_vonkarman": 0.00022541522228724416,
      "R4_phase_var": 0.000899656562886013,
      "R2_slope_var": 0.0008837139360948552,
      "R3_dimm": 0.0005279600998960432,
      "mean": 0.0006580890615153312,
      "std": 0.00025398542985809403,
      "median": 0.0007536994864125
    }
  },
  "L0_m": 0.0015,
  "tau0_s": {
    "median": 0.006280829053437502,
    "spread": 0.0031641982902206344,
    "estimators": {
      "T1_autocorr": 0.006162785804361349,
      "T2_psd": 0.00272837045300392,
      "T4_struct_fn": 0.009341036539525605,
      "T5_frozenflow": 0.006280829053437502,
      "T3_greenwood": 0.006280829053437502,
      "T6_tyler": 0.012924740673150492
    },
    "cross_validation": {
      "T1_autocorr": 0.006162785804361349,
      "T2_psd": 0.00272837045300392,
      "T4_struct_fn": 0.009341036539525605,
      "T5_frozenflow": 0.006280829053437502,
      "T3_greenwood": 0.006280829053437502,
      "T6_tyler": 0.012924740673150492,
      "mean": 0.007286431929486061,
      "std": 0.0031641982902206344,
      "median": 0.006280829053437502
    }
  },
  "wind_speed_mps": 0.03767999999999999,
  "f_greenwood_hz": 21.297188454252048,
  "seeing_arcsec": 169.76833899193383,
  "strehl_marechal": 0.03904565354512731,
  "n_frames": 60,
  "dt_s": 0.002,
  "notes": "tip/tilt excluded from r0 fit; von Karman used (L0 finite)"
}